{"cameraMode":{"drawMode":0,"name":"Shaded","section":"Shading Mode"},"sceneLighting":false,"audioPlay":false,"sceneViewState":{"showFog":false,"showMaterialUpdate":false,"showSkybox":false,"showFlares":false,"showImageEffects":false,"showParticleSystems":false},"in2DMode":false,"pivot":{"x":20.741802215576173,"y":-2.554180383682251,"z":-14.680428504943848},"rotation":{"x":0.21198254823684693,"y":0.07234051078557968,"z":-0.015736281871795656,"w":0.9744663834571838},"size":1.0821070671081544,"orthographic":false}