{"cameraMode":{"drawMode":0,"name":"Shaded","section":"Shading Mode"},"sceneLighting":true,"audioPlay":false,"sceneViewState":{"showFog":false,"showMaterialUpdate":false,"showSkybox":false,"showFlares":false,"showImageEffects":false,"showParticleSystems":false},"in2DMode":false,"pivot":{"x":-31.6200008392334,"y":-0.1044573187828064,"z":-24.190000534057618},"rotation":{"x":0.10026156902313233,"y":-0.0370044969022274,"z":0.003731668693944812,"w":0.9942675232887268},"size":1.4414219856262208,"orthographic":false}