{"cameraMode":{"drawMode":0,"name":"Shaded","section":"Shading Mode"},"sceneLighting":false,"audioPlay":false,"sceneViewState":{"showFog":false,"showMaterialUpdate":false,"showSkybox":false,"showFlares":false,"showImageEffects":false,"showParticleSystems":false},"in2DMode":false,"pivot":{"x":6.242995262145996,"y":-0.9644564390182495,"z":4.757262706756592},"rotation":{"x":0.17414017021656037,"y":0.09143467992544174,"z":-0.01624123379588127,"w":0.9803332090377808},"size":1.066873550415039,"orthographic":false}