{"cameraMode":{"drawMode":0,"name":"Shaded","section":"Shading Mode"},"sceneLighting":false,"audioPlay":false,"sceneViewState":{"showFog":false,"showMaterialUpdate":false,"showSkybox":false,"showFlares":false,"showImageEffects":false,"showParticleSystems":false},"in2DMode":false,"pivot":{"x":1.1320576667785645,"y":2.6206812858581545,"z":47.699222564697269},"rotation":{"x":0.11626295000314713,"y":0.053915463387966159,"z":-0.006327686365693808,"w":0.991740882396698},"size":9.854784965515137,"orthographic":false}